1510943958.85, 0.0, 0.0, 0.0, 0.0, 0.0, 0.0

1510943958.86, 0.0, 0.0, 0.0, 0.0, 0.0, 0.0

1510943958.87, 0.0, 0.0, 0.0, 0.0, 0.0, 0.0

1510943958.89, 0.0, 0.0, 0.0, 0.0, 0.0, 0.0

1510943958.9, 0.0, 0.0, 0.0, 0.0, 0.0, 0.0

1510943958.91, 0.0, 0.0, 0.0, 0.0, 0.0, 0.0

1510943958.92, 0.0, 0.0, 0.0, 0.0, 0.0, 0.0

1510943958.93, 4.31227016449, 3.7624900341, 0.0, 0.0, 0.0, 0.0

1510943958.94, 4.31252384186, 3.76258254051, 0.0, 0.0, 0.0, 0.0

1510943958.95, 4.31252384186, 3.76258254051, 0.0, 0.0, 0.0, 0.0

1510943958.96, 4.31165552139, 3.76224517822, 0.0, 0.0, 0.0, 0.0

1510943958.97, 4.31165552139, 3.76224517822, 0.0, 0.0, 0.0, 0.0

1510943958.98, 4.31182670593, 3.76249909401, 0.0, 0.0, 0.0, 0.0

1510943958.99, 4.31130599976, 3.76204276085, 0.0, 0.0, 0.0, 0.0

1510943959.0, 4.31130599976, 3.76204276085, 0.0, 0.0, 0.0, 0.0

1510943959.01, 4.31136751175, 3.76204252243, 0.0, 0.0, 0.0, 0.0

1510943959.02, 4.31149673462, 3.76202774048, 0.0, 0.0, 0.0, 0.0

1510943959.03, 4.31149673462, 3.76202774048, 0.0, 0.0, 0.0, 0.0

1510943959.04, 4.31175613403, 3.7621717453, 0.0, 0.0, 0.0, 0.0

1510943959.05, 4.31175613403, 3.7621717453, 0.0, 0.0, 0.0, 0.0

1510943959.06, 4.31170797348, 3.76240634918, 0.0, 0.0, 0.0, 0.0

1510943959.07, 4.31185531616, 3.76254367828, 0.0, 0.0, 0.0, 0.0

1510943959.08, 4.31185531616, 3.76254367828, 0.0, 0.0, 0.0, 0.0

1510943959.09, 4.31173801422, 3.76244068146, 0.0, 0.0, 0.0, 0.0

1510943959.1, 4.31173801422, 3.76244068146, 0.0, 0.0, 0.0, 0.0

1510943959.11, 4.31197357178, 3.76249241829, 0.0, 0.0, 0.0, 0.0

1510943959.12, 4.31138515472, 3.76220035553, 0.0, 0.0, 0.0, 0.0

1510943959.13, 4.31138515472, 3.76220035553, 0.0, 0.0, 0.0, 0.0

1510943959.14, 4.31141519547, 3.76245427132, 0.0, 0.0, 0.0, 0.0

1510943959.15, 4.31141519547, 3.76245427132, 0.0, 0.0, 0.0, 0.0

1510943959.16, 4.31154108047, 3.76254892349, 0.0, 0.0, 0.0, 0.0

1510943959.17, 4.31155967712, 3.7627825737, 0.0, 0.0, 0.0, 0.0

1510943959.18, 4.31155967712, 3.7627825737, 0.0, 0.0, 0.0, 0.0

1510943959.19, 4.31200885773, 3.76260948181, 0.0, 0.0, 0.0, 0.0

1510943959.2, 4.31200885773, 3.76260948181, 0.0, 0.0, 0.0, 0.0

1510943959.21, 4.31196689606, 3.7626786232, 0.0, 0.0, 0.0, 0.0

1510943959.22, 4.31242227554, 3.76301956177, 0.0, 0.0, 0.0, 0.0

1510943959.23, 4.31242227554, 3.76301956177, 0.0, 0.0, 0.0, 0.0

1510943959.24, 4.31268119812, 3.76294136047, 0.0, 0.0, 0.0, 0.0

1510943959.25, 4.31268119812, 3.76294136047, 0.0, 0.0, 0.0, 0.0

1510943959.26, 4.31194829941, 3.76266098022, 0.0, 0.0, 0.0, 0.0

1510943959.27, 4.31195449829, 3.76272106171, 0.0, 0.0, 0.0, 0.0

1510943959.28, 4.31195449829, 3.76272106171, 0.0, 0.0, 0.0, 0.0

1510943959.29, 4.31186151505, 3.76276421547, 0.0, 0.0, 0.0, 0.0

1510943959.3, 4.31207370758, 3.76271724701, 0.0, 0.0, 0.0, 0.0

1510943959.31, 4.31207370758, 3.76271724701, 0.0, 0.0, 0.0, 0.0

1510943959.32, 4.31210565567, 3.76299262047, 0.0, 0.0, 0.0, 0.0

1510943959.33, 4.31210565567, 3.76299262047, 0.0, 0.0, 0.0, 0.0

1510943959.34, 4.31141662598, 3.76244211197, 0.0, 0.0, 0.0, 0.0

1510943959.35, 4.31160116196, 3.76262569427, 0.0, 0.0, 0.0, 0.0

1510943959.36, 4.31160116196, 3.76262569427, 0.0, 0.0, 0.0, 0.0

1510943959.37, 4.31093883514, 3.76229548454, 0.0, 0.0, 0.0, 0.0

1510943959.38, 4.31093883514, 3.76229548454, 0.0, 0.0, 0.0, 0.0

1510943959.39, 4.31151866913, 3.76255631447, 0.0, 0.0, 0.0, 0.0

1510943959.41, 4.31115674973, 3.76204872131, 0.0, 0.0, 0.0, 0.0

1510943959.42, 4.31115674973, 3.76204872131, 0.0, 0.0, 0.0, 0.0

1510943959.43, 4.31107711792, 3.76208424568, 0.0, 0.0, 0.0, 0.0

1510943959.44, 4.31107711792, 3.76208424568, 0.0, 0.0, 0.0, 0.0

1510943959.45, 4.31070804596, 3.76185083389, 0.0, 0.0, 0.0, 0.0

1510943959.46, 4.3107008934, 3.7619073391, 0.0, 0.0, 0.0, 0.0

1510943959.47, 4.3107008934, 3.7619073391, 0.0, 0.0, 0.0, 0.0

1510943959.48, 4.31036949158, 3.76183199883, 0.0, 0.0, 0.0, 0.0

1510943959.49, 4.30997991562, 3.76148200035, 0.0, 0.0, 0.0, 0.0

1510943959.5, 4.30997991562, 3.76148200035, 0.0, 0.0, 0.0, 0.0

1510943959.51, 4.31010818481, 3.76186323166, 0.0, 0.0, 0.0, 0.0

1510943959.52, 4.31010818481, 3.76186323166, 0.0, 0.0, 0.0, 0.0

1510943959.53, 4.31026887894, 3.76188325882, 0.0, 0.0, 0.0, 0.0

1510943959.54, 4.31039094925, 3.7620446682, 0.0, 0.0, 0.0, 0.0

1510943959.55, 4.31039094925, 3.7620446682, 0.0, 0.0, 0.0, 0.0

1510943959.56, 4.31036329269, 3.76217150688, 0.0, 0.0, 0.0, 0.0

1510943959.57, 4.31036329269, 3.76217150688, 0.0, 0.0, 0.0, 0.0

1510943959.58, 4.31065607071, 3.76251220703, 0.0, 0.0, 0.0, 0.0

1510943959.59, 4.31065607071, 3.76251220703, 0.0, 0.0, 0.0, 0.0

1510943959.6, 4.31062078476, 3.76260566711, 0.0, 0.0, 0.0, 0.0

1510943959.61, 4.310962677, 3.76236081123, 0.0, 0.0, 0.0, 0.0

1510943959.62, 4.310962677, 3.76236081123, 0.0, 0.0, 0.0, 0.0

1510943959.63, 4.31157016754, 3.76252508163, 0.0, 0.0, 0.0, 0.0

1510943959.64, 4.31136608124, 3.76234650612, 0.0, 0.0, 0.0, 0.0

1510943959.65, 4.31136608124, 3.76234650612, 0.0, 0.0, 0.0, 0.0

1510943959.66, 4.31149578094, 3.76223754883, 0.0, 0.0, 0.0, 0.0

1510943959.67, 4.31149578094, 3.76223754883, 0.0, 0.0, 0.0, 0.0

1510943959.68, 4.31167840958, 3.76255869865, 0.0, 0.0, 0.0, 0.0

1510943959.69, 4.31163215637, 3.76260733604, 0.0, 0.0, 0.0, 0.0

1510943959.7, 4.31163215637, 3.76260733604, 0.0, 0.0, 0.0, 0.0

1510943959.71, 4.3110294342, 3.76223349571, 0.0, 0.0, 0.0, 0.0

1510943959.72, 4.3110294342, 3.76223349571, 0.0, 0.0, 0.0, 0.0

1510943959.73, 4.31100845337, 3.76236557961, 0.0, 0.0, 0.0, 0.0

1510943959.74, 4.31117916107, 3.76251864433, 0.0, 0.0, 0.0, 0.0

1510943959.75, 4.31117916107, 3.76251864433, 0.0, 0.0, 0.0, 0.0

1510943959.76, 4.31131505966, 3.76256132126, 0.0, 0.0, 0.0, 0.0

1510943959.77, 4.31131505966, 3.76256132126, 0.0, 0.0, 0.0, 0.0

1510943959.78, 4.31181812286, 3.76241064072, 0.0, 0.0, 0.0, 0.0

1510943959.79, 4.31202173233, 3.76263642311, 0.0, 0.0, 0.0, 0.0

1510943959.8, 4.31202173233, 3.76263642311, 0.0, 0.0, 0.0, 0.0

1510943959.81, 4.31196784973, 3.76295256615, 0.0, 0.0, 0.0, 0.0

1510943959.82, 4.31196784973, 3.76295256615, 0.0, 0.0, 0.0, 0.0

1510943959.83, 4.31162643433, 3.76246809959, 0.0, 0.0, 0.0, 0.0

1510943959.84, 4.31145858765, 3.76279783249, 0.0, 0.0, 0.0, 0.0

1510943959.85, 4.31145858765, 3.76279783249, 0.0, 0.0, 0.0, 0.0

1510943959.86, 4.31102085114, 3.76250362396, 0.0, 0.0, 0.0, 0.0

1510943959.87, 4.31102085114, 3.76250362396, 0.0, 0.0, 0.0, 0.0

1510943959.88, 4.31140851974, 3.76213932037, 0.0, 0.0, 0.0, 0.0

1510943959.89, 4.31118965149, 3.76259589195, 0.0, 0.0, 0.0, 0.0

1510943959.9, 4.31118965149, 3.76259589195, 0.0, 0.0, 0.0, 0.0

1510943959.91, 4.31144046783, 3.76288843155, 0.0, 0.0, 0.0, 0.0

1510943959.92, 4.31144046783, 3.76288843155, 0.0, 0.0, 0.0, 0.0

1510943959.93, 4.31127166748, 3.76292443275, 0.0, 0.0, 0.0, 0.0

1510943959.94, 4.3113899231, 3.76287508011, 0.0, 0.0, 0.0, 0.0

1510943959.95, 4.3113899231, 3.76287508011, 0.0, 0.0, 0.0, 0.0

1510943959.96, 4.31165742874, 3.76317882538, 0.0, 0.0, 0.0, 0.0

1510943959.97, 4.31157875061, 3.76341748238, 0.0, 0.0, 0.0, 0.0

1510943959.98, 4.31157875061, 3.76341748238, 0.0, 0.0, 0.0, 0.0

1510943959.99, 4.31176519394, 3.76355648041, 0.0, 0.0, 0.0, 0.0

1510943960.0, 4.31176519394, 3.76355648041, 0.0, 0.0, 0.0, 0.0

1510943960.02, 4.31196212769, 3.7635781765, 0.0, 0.0, 0.0, 0.0

1510943960.03, 4.31252622604, 3.76359343529, 0.0, 0.0, 0.0, 0.0

1510943960.04, 4.31252622604, 3.76359343529, 0.0, 0.0, 0.0, 0.0

1510943960.05, 4.31266689301, 3.7634601593, 0.0, 0.0, 0.0, 0.0

1510943960.06, 4.31266689301, 3.7634601593, 0.0, 0.0, 0.0, 0.0

1510943960.07, 4.31252384186, 3.76372480392, 0.0, 0.0, 0.0, 0.0

1510943960.08, 4.31286859512, 3.76373147964, 0.0, 0.0, 0.0, 0.0

1510943960.09, 4.31286859512, 3.76373147964, 0.0, 0.0, 0.0, 0.0

1510943960.1, 4.31239843369, 3.76328086853, 0.0, 0.0, 0.0, 0.0

1510943960.11, 4.31239843369, 3.76328086853, 0.0, 0.0, 0.0, 0.0

1510943960.12, 4.31249761581, 3.76340532303, 0.0, 0.0, 0.0, 0.0

1510943960.13, 4.31263542175, 3.76364135742, 0.0, 0.0, 0.0, 0.0

1510943960.14, 4.31263542175, 3.76364135742, 0.0, 0.0, 0.0, 0.0

1510943960.15, 4.31290769577, 3.76389670372, 0.0, 0.0, 0.0, 0.0

1510943960.16, 4.31291055679, 3.76385164261, 0.0, 0.0, 0.0, 0.0

1510943960.17, 4.31291055679, 3.76385164261, 0.0, 0.0, 0.0, 0.0

1510943960.18, 4.31299448013, 3.76393270493, 0.0, 0.0, 0.0, 0.0

1510943960.19, 4.31299448013, 3.76393270493, 0.0, 0.0, 0.0, 0.0

1510943960.2, 4.31306552887, 3.76412725449, 0.0, 0.0, 0.0, 0.0

1510943960.21, 4.31306552887, 3.76412725449, 0.0, 0.0, 0.0, 0.0

1510943960.22, 4.3133020401, 3.76428341866, 0.0, 0.0, 0.0, 0.0

1510943960.23, 4.31262588501, 3.76390838623, 0.0, 0.0, 0.0, 0.0

1510943960.24, 4.31262588501, 3.76390838623, 0.0, 0.0, 0.0, 0.0

1510943960.25, 4.31316375732, 3.76412177086, 0.0, 0.0, 0.0, 0.0

1510943960.26, 4.3128194809, 3.76363372803, 0.0, 0.0, 0.0, 0.0

1510943960.27, 4.3128194809, 3.76363372803, 0.0, 0.0, 0.0, 0.0

1510943960.28, 4.31268978119, 3.76368236542, 0.0, 0.0, 0.0, 0.0

1510943960.29, 4.31268978119, 3.76368236542, 0.0, 0.0, 0.0, 0.0

1510943960.3, 4.31290102005, 3.76391625404, 0.0, 0.0, 0.0, 0.0

1510943960.31, 4.31293439865, 3.76396465302, 0.0, 0.0, 0.0, 0.0

1510943960.32, 4.31293439865, 3.76396465302, 0.0, 0.0, 0.0, 0.0

1510943960.33, 4.31312322617, 3.76387524605, 0.0, 0.0, 0.0, 0.0

1510943960.34, 4.31312322617, 3.76387524605, 0.0, 0.0, 0.0, 0.0

1510943960.35, 4.31295156479, 3.76395773888, 0.0, 0.0, 0.0, 0.0

1510943960.36, 4.31216239929, 3.76349425316, 0.0, 0.0, 0.0, 0.0

1510943960.37, 4.31216239929, 3.76349425316, 0.0, 0.0, 0.0, 0.0

1510943960.38, 4.31235456467, 3.76383709908, 0.0, 0.0, 0.0, 0.0

1510943960.39, 4.31235456467, 3.76383709908, 0.0, 0.0, 0.0, 0.0

1510943960.4, 4.31232738495, 3.76396846771, 0.0, 0.0, 0.0, 0.0

1510943960.41, 4.31156587601, 3.76344513893, 0.0, 0.0, 0.0, 0.0

1510943960.42, 4.31156587601, 3.76344513893, 0.0, 0.0, 0.0, 0.0

1510943960.43, 4.31169080734, 3.76365447044, 0.0, 0.0, 0.0, 0.0

1510943960.45, 4.31182670593, 3.76388478279, 0.0, 0.0, 0.0, 0.0

1510943960.46, 4.31182670593, 3.76388478279, 0.0, 0.0, 0.0, 0.0

1510943960.47, 4.31123399734, 3.76333832741, 0.0, 0.0, 0.0, 0.0

1510943960.48, 4.31123399734, 3.76333832741, 0.0, 0.0, 0.0, 0.0

1510943960.49, 4.31088495255, 3.76283216476, 0.0, 0.0, 0.0, 0.0

1510943960.5, 4.31103372574, 3.76334190369, 0.0, 0.0, 0.0, 0.0

1510943960.51, 4.31103372574, 3.76334190369, 0.0, 0.0, 0.0, 0.0

1510943960.52, 4.31143665314, 3.76338768005, 0.0, 0.0, 0.0, 0.0

1510943960.53, 4.31143665314, 3.76338768005, 0.0, 0.0, 0.0, 0.0

1510943960.54, 4.31127023697, 3.76340723038, 0.0, 0.0, 0.0, 0.0

1510943960.55, 4.31138515472, 3.76374650002, 0.0, 0.0, 0.0, 0.0

1510943960.56, 4.31138515472, 3.76374650002, 0.0, 0.0, 0.0, 0.0

1510943960.57, 4.31188297272, 3.76356911659, 0.0, 0.0, 0.0, 0.0

1510943960.58, 4.31188297272, 3.76356911659, 0.0, 0.0, 0.0, 0.0

1510943960.59, 4.31180715561, 3.76365923882, 0.0, 0.0, 0.0, 0.0

1510943960.6, 4.31160783768, 3.76370453835, 0.0, 0.0, 0.0, 0.0

1510943960.61, 4.31160783768, 3.76370453835, 0.0, 0.0, 0.0, 0.0

1510943960.62, 4.31112480164, 3.76350998878, 0.0, 0.0, 0.0, 0.0

1510943960.63, 4.31112480164, 3.76350998878, 0.0, 0.0, 0.0, 0.0

1510943960.64, 4.31054639816, 3.76335287094, 0.0, 0.0, 0.0, 0.0

1510943960.65, 4.31045198441, 3.76310944557, 0.0, 0.0, 0.0, 0.0

1510943960.66, 4.31045198441, 3.76310944557, 0.0, 0.0, 0.0, 0.0

1510943960.67, 4.3100104332, 3.76277041435, 0.0, 0.0, 0.0, 0.0

1510943960.68, 4.3100104332, 3.76277041435, 0.0, 0.0, 0.0, 0.0

1510943960.69, 4.31043243408, 3.76295471191, 0.0, 0.0, 0.0, 0.0

1510943960.7, 4.31056880951, 3.76302289963, 0.0, 0.0, 0.0, 0.0

1510943960.71, 4.31056880951, 3.76302289963, 0.0, 0.0, 0.0, 0.0

1510943960.72, 4.31090307236, 3.76290631294, 0.0, 0.0, 0.0, 0.0

1510943960.73, 4.3106880188, 3.76311135292, 0.0, 0.0, 0.0, 0.0

1510943960.74, 4.3106880188, 3.76311135292, 0.0, 0.0, 0.0, 0.0

1510943960.75, 4.31068181992, 3.76336169243, 0.0, 0.0, 0.0, 0.0

1510943960.76, 4.31068181992, 3.76336169243, 0.0, 0.0, 0.0, 0.0

1510943960.77, 4.31075143814, 3.76335430145, 0.0, 0.0, 0.0, 0.0

1510943960.78, 4.31074428558, 3.76337575912, 0.0, 0.0, 0.0, 0.0

1510943960.79, 4.31074428558, 3.76337575912, 0.0, 0.0, 0.0, 0.0

1510943960.8, 4.31087303162, 3.76370191574, 0.0, 0.0, 0.0, 0.0

1510943960.81, 4.31087303162, 3.76370191574, 0.0, 0.0, 0.0, 0.0

1510943960.82, 4.31090831757, 3.76364088058, 0.0, 0.0, 0.0, 0.0

1510943960.83, 4.31034612656, 3.76314091682, 0.0, 0.0, 0.0, 0.0

1510943960.84, 4.31034612656, 3.76314091682, 0.0, 0.0, 0.0, 0.0

1510943960.85, 4.31036472321, 3.76327633858, 0.0, 0.0, 0.0, 0.0

1510943960.86, 4.31036472321, 3.76327633858, 0.0, 0.0, 0.0, 0.0

1510943960.87, 4.31034135818, 3.76368904114, 0.0, 0.0, 0.0, 0.0

1510943960.88, 4.31018638611, 3.76331353188, 0.0, 0.0, 0.0, 0.0

1510943960.89, 4.31018638611, 3.76331353188, 0.0, 0.0, 0.0, 0.0

1510943960.9, 4.31006908417, 3.76350331306, 0.0, 0.0, 0.0, 0.0

1510943960.91, 4.31069898605, 3.76361393929, 0.0, 0.0, 0.0, 0.0

1510943960.93, 4.31069898605, 3.76361393929, 0.0, 0.0, 0.0, 0.0

1510943960.94, 4.30976915359, 3.76306462288, 0.0, 0.0, 0.0, 0.0

1510943960.95, 4.30976915359, 3.76306462288, 0.0, 0.0, 0.0, 0.0

1510943960.96, 4.30993652344, 3.76337695122, 0.0, 0.0, 0.0, 0.0

1510943960.97, 4.31028604507, 3.76327562332, 0.0, 0.0, 0.0, 0.0

1510943960.98, 4.31028604507, 3.76327562332, 0.0, 0.0, 0.0, 0.0

1510943960.99, 4.3109292984, 3.76337552071, 0.0, 0.0, 0.0, 0.0

1510943961.0, 4.3109292984, 3.76337552071, 0.0, 0.0, 0.0, 0.0

1510943961.01, 4.31074237823, 3.76333236694, 0.0, 0.0, 0.0, 0.0

1510943961.02, 4.31072711945, 3.76348853111, 0.0, 0.0, 0.0, 0.0

1510943961.03, 4.31072711945, 3.76348853111, 0.0, 0.0, 0.0, 0.0

1510943961.04, 4.31095933914, 3.76348972321, 0.0, 0.0, 0.0, 0.0

1510943961.05, 4.31095933914, 3.76348972321, 0.0, 0.0, 0.0, 0.0

1510943961.06, 4.31103801727, 3.7634973526, 0.0, 0.0, 0.0, 0.0

1510943961.07, 4.31097984314, 3.76366019249, 0.0, 0.0, 0.0, 0.0

1510943961.08, 4.31097984314, 3.76366019249, 0.0, 0.0, 0.0, 0.0

1510943961.09, 4.31120443344, 3.76403141022, 0.0, 0.0, 0.0, 0.0

1510943961.1, 4.31120443344, 3.76403141022, 0.0, 0.0, 0.0, 0.0

1510943961.11, 4.31056499481, 3.76359009743, 0.0, 0.0, 0.0, 0.0

1510943961.12, 4.31113004684, 3.76367974281, 0.0, 0.0, 0.0, 0.0

1510943961.13, 4.31113004684, 3.76367974281, 0.0, 0.0, 0.0, 0.0

1510943961.14, 4.3116402626, 3.76374435425, 0.0, 0.0, 0.0, 0.0

1510943961.15, 4.3115439415, 3.76351809502, 0.0, 0.0, 0.0, 0.0

1510943961.16, 4.3115439415, 3.76351809502, 0.0, 0.0, 0.0, 0.0

1510943961.17, 4.31157064438, 3.76374101639, 0.0, 0.0, 0.0, 0.0

1510943961.18, 4.31157064438, 3.76374101639, 0.0, 0.0, 0.0, 0.0

1510943961.19, 4.31112957001, 3.76338505745, 0.0, 0.0, 0.0, 0.0

1510943961.2, 4.31137466431, 3.763453722, 0.0, 0.0, 0.0, 0.0

1510943961.21, 4.31137466431, 3.763453722, 0.0, 0.0, 0.0, 0.0

1510943961.22, 4.31151199341, 3.7634396553, 0.0, 0.0, 0.0, 0.0

1510943961.23, 4.31151199341, 3.7634396553, 0.0, 0.0, 0.0, 0.0

1510943961.25, 4.3110909462, 3.76327824593, 0.0, 0.0, 0.0, 0.0

1510943961.26, 4.31113576889, 3.7633805275, 0.0, 0.0, 0.0, 0.0

1510943961.27, 4.31113576889, 3.7633805275, 0.0, 0.0, 0.0, 0.0

1510943961.28, 4.31125497818, 3.7633664608, 0.0, 0.0, 0.0, 0.0

1510943961.29, 4.31075763702, 3.76298570633, 0.0, 0.0, 0.0, 0.0

1510943961.3, 4.31075763702, 3.76298570633, 0.0, 0.0, 0.0, 0.0

1510943961.31, 4.31083393097, 3.76337575912, 0.0, 0.0, 0.0, 0.0

1510943961.32, 4.31083393097, 3.76337575912, 0.0, 0.0, 0.0, 0.0

1510943961.33, 4.31132745743, 3.76346087456, 0.0, 0.0, 0.0, 0.0

1510943961.34, 4.31075000763, 3.76316523552, 0.0, 0.0, 0.0, 0.0

1510943961.35, 4.31075000763, 3.76316523552, 0.0, 0.0, 0.0, 0.0

1510943961.36, 4.31103944778, 3.76304221153, 0.0, 0.0, 0.0, 0.0

1510943961.37, 4.31117153168, 3.76307940483, 0.0, 0.0, 0.0, 0.0

1510943961.38, 4.31117153168, 3.76307940483, 0.0, 0.0, 0.0, 0.0

1510943961.39, 4.31132316589, 3.7629005909, 0.0, 0.0, 0.0, 0.0

1510943961.4, 4.31132316589, 3.7629005909, 0.0, 0.0, 0.0, 0.0

1510943961.41, 4.31130075455, 3.76322603226, 0.0, 0.0, 0.0, 0.0

1510943961.42, 4.31130075455, 3.76322603226, 0.0, 0.0, 0.0, 0.0

1510943961.43, 4.31178569794, 3.76325845718, 0.0, 0.0, 0.0, 0.0

1510943961.44, 4.31153964996, 3.7632484436, 0.0, 0.0, 0.0, 0.0

1510943961.45, 4.31153964996, 3.7632484436, 0.0, 0.0, 0.0, 0.0

1510943961.46, 4.31155014038, 3.76321148872, 0.0, 0.0, 0.0, 0.0

1510943961.47, 4.31106424332, 3.76303958893, 0.0, 0.0, 0.0, 0.0

1510943961.48, 4.31106424332, 3.76303958893, 0.0, 0.0, 0.0, 0.0

1510943961.49, 4.31096410751, 3.76319599152, 0.0, 0.0, 0.0, 0.0

1510943961.5, 4.31096410751, 3.76319599152, 0.0, 0.0, 0.0, 0.0

1510943961.51, 4.31081008911, 3.76334834099, 0.0, 0.0, 0.0, 0.0

1510943961.52, 4.31004142761, 3.76288747787, 0.0, 0.0, 0.0, 0.0

1510943961.53, 4.31004142761, 3.76288747787, 0.0, 0.0, 0.0, 0.0

1510943961.54, 4.31021165848, 3.76299142838, 0.0, 0.0, 0.0, 0.0

1510943961.55, 4.31021165848, 3.76299142838, 0.0, 0.0, 0.0, 0.0

1510943961.56, 4.31037759781, 3.76296710968, 0.0, 0.0, 0.0, 0.0

1510943961.57, 4.3103723526, 3.76327586174, 0.0, 0.0, 0.0, 0.0

1510943961.58, 4.3103723526, 3.76327586174, 0.0, 0.0, 0.0, 0.0

1510943961.59, 4.3104352951, 3.76331353188, 0.0, 0.0, 0.0, 0.0

1510943961.6, 4.3104352951, 3.76331353188, 0.0, 0.0, 0.0, 0.0

1510943961.61, 4.31057262421, 3.7633061409, 0.0, 0.0, 0.0, 0.0

1510943961.62, 4.31050825119, 3.76371121407, 0.0, 0.0, 0.0, 0.0

1510943961.63, 4.31050825119, 3.76371121407, 0.0, 0.0, 0.0, 0.0

1510943961.64, 4.3102312088, 3.76324677467, 0.0, 0.0, 0.0, 0.0

1510943961.65, 4.31034851074, 3.76348686218, 0.0, 0.0, 0.0, 0.0

1510943961.66, 4.31034851074, 3.76348686218, 0.0, 0.0, 0.0, 0.0

1510943961.67, 4.31050491333, 3.76357340813, 0.0, 0.0, 0.0, 0.0

1510943961.69, 4.31050491333, 3.76357340813, 0.0, 0.0, 0.0, 0.0

1510943961.7, 4.3103094101, 3.76366639137, 0.0, 0.0, 0.0, 0.0

1510943961.71, 4.31041574478, 3.76370620728, 0.0, 0.0, 0.0, 0.0

1510943961.72, 4.31041574478, 3.76370620728, 0.0, 0.0, 0.0, 0.0

1510943961.73, 4.3097038269, 3.76338219643, 0.0, 0.0, 0.0, 0.0

1510943961.74, 4.3097038269, 3.76338219643, 0.0, 0.0, 0.0, 0.0

1510943961.75, 4.31001710892, 3.76337885857, 0.0, 0.0, 0.0, 0.0

1510943961.76, 4.31001710892, 3.76337885857, 0.0, 0.0, 0.0, 0.0

1510943961.77, 4.3100733757, 3.7633869648, 0.0, 0.0, 0.0, 0.0

1510943961.78, 4.309923172, 3.76299357414, 0.0, 0.0, 0.0, 0.0

1510943961.79, 4.309923172, 3.76299357414, 0.0, 0.0, 0.0, 0.0

1510943961.8, 4.3100066185, 3.76338934898, 0.0, 0.0, 0.0, 0.0

1510943961.81, 4.31017398834, 3.76336836815, 0.0, 0.0, 0.0, 0.0

1510943961.82, 4.31017398834, 3.76336836815, 0.0, 0.0, 0.0, 0.0

1510943961.83, 4.31006622314, 3.76360535622, 0.0, 0.0, 0.0, 0.0

1510943961.84, 4.31006622314, 3.76360535622, 0.0, 0.0, 0.0, 0.0

1510943961.85, 4.31013059616, 3.76386380196, 0.0, 0.0, 0.0, 0.0

1510943961.86, 4.31035280228, 3.76386332512, 0.0, 0.0, 0.0, 0.0

1510943961.87, 4.31035280228, 3.76386332512, 0.0, 0.0, 0.0, 0.0

1510943961.88, 4.31052350998, 3.76381993294, 0.0, 0.0, 0.0, 0.0

1510943961.89, 4.31052350998, 3.76381993294, 0.0, 0.0, 0.0, 0.0

1510943961.9, 4.31057929993, 3.76379990578, 0.0, 0.0, 0.0, 0.0

1510943961.91, 4.30977106094, 3.76321768761, 0.0, 0.0, 0.0, 0.0

1510943961.92, 4.30977106094, 3.76321768761, 0.0, 0.0, 0.0, 0.0

1510943961.93, 4.31008386612, 3.76371145248, 0.0, 0.0, 0.0, 0.0

1510943961.94, 4.30997800827, 3.76374745369, 0.0, 0.0, 0.0, 0.0

1510943961.95, 4.30997800827, 3.76374745369, 0.0, 0.0, 0.0, 0.0

1510943961.96, 4.30933713913, 3.76349473, 0.0, 0.0, 0.0, 0.0

1510943961.97, 4.30933713913, 3.76349473, 0.0, 0.0, 0.0, 0.0

1510943961.98, 4.30962848663, 3.76364588737, 0.0, 0.0, 0.0, 0.0

1510943961.99, 4.30981349945, 3.76373767853, 0.0, 0.0, 0.0, 0.0

1510943962.0, 4.30981349945, 3.76373767853, 0.0, 0.0, 0.0, 0.0

1510943962.01, 4.30975532532, 3.76366257668, 0.0, 0.0, 0.0, 0.0

1510943962.02, 4.30975532532, 3.76366257668, 0.0, 0.0, 0.0, 0.0

1510943962.03, 4.31024932861, 3.76391077042, 0.0, 0.0, 0.0, 0.0

1510943962.04, 4.30943012238, 3.76379561424, 0.0, 0.0, 0.0, 0.0

1510943962.05, 4.30943012238, 3.76379561424, 0.0, 0.0, 0.0, 0.0

1510943962.06, 4.30954837799, 3.76386523247, 0.0, 0.0, 0.0, 0.0

1510943962.07, 4.30954837799, 3.76386523247, 0.0, 0.0, 0.0, 0.0

1510943962.08, 4.30956506729, 3.76386427879, 0.0, 0.0, 0.0, 0.0

1510943962.09, 4.30965614319, 3.763859272, 0.0, 0.0, 0.0, 0.0

1510943962.1, 4.30965614319, 3.763859272, 0.0, 0.0, 0.0, 0.0

1510943962.11, 4.30958938599, 3.76387572289, 0.0, 0.0, 0.0, 0.0

1510943962.12, 4.30958938599, 3.76387572289, 0.0, 0.0, 0.0, 0.0

1510943962.13, 4.30988025665, 3.7639966011, 0.0, 0.0, 0.0, 0.0

1510943962.15, 4.30940485001, 3.76365828514, 0.0, 0.0, 0.0, 0.0

1510943962.16, 4.30940485001, 3.76365828514, 0.0, 0.0, 0.0, 0.0

1510943962.17, 4.30947971344, 3.76396989822, 0.0, 0.0, 0.0, 0.0

1510943962.18, 4.30947971344, 3.76396989822, 0.0, 0.0, 0.0, 0.0

1510943962.19, 4.30963277817, 3.76414418221, 0.0, 0.0, 0.0, 0.0

1510943962.2, 4.31000947952, 3.76412439346, 0.0, 0.0, 0.0, 0.0

1510943962.21, 4.31000947952, 3.76412439346, 0.0, 0.0, 0.0, 0.0

1510943962.22, 4.31044340134, 3.7641210556, 0.0, 0.0, 0.0, 0.0

1510943962.23, 4.31059789658, 3.76411700249, 0.0, 0.0, 0.0, 0.0

1510943962.24, 4.31059789658, 3.76411700249, 0.0, 0.0, 0.0, 0.0

1510943962.25, 4.31128120422, 3.76410317421, 0.0, 0.0, 0.0, 0.0

1510943962.26, 4.31128120422, 3.76410317421, 0.0, 0.0, 0.0, 0.0

1510943962.27, 4.31061029434, 3.76355361938, 0.0, 0.0, 0.0, 0.0

1510943962.28, 4.31063842773, 3.76353764534, 0.0, 0.0, 0.0, 0.0

1510943962.29, 4.31063842773, 3.76353764534, 0.0, 0.0, 0.0, 0.0

1510943962.3, 4.31088399887, 3.76383066177, 0.0, 0.0, 0.0, 0.0

1510943962.31, 4.31100559235, 3.76363611221, 0.0, 0.0, 0.0, 0.0

1510943962.32, 4.31100559235, 3.76363611221, 0.0, 0.0, 0.0, 0.0

1510943962.33, 4.31091356277, 3.76337075233, 0.0, 0.0, 0.0, 0.0

1510943962.34, 4.31091356277, 3.76337075233, 0.0, 0.0, 0.0, 0.0

1510943962.35, 4.31094789505, 3.76335811615, 0.0, 0.0, 0.0, 0.0

1510943962.36, 4.31104040146, 3.76352310181, 0.0, 0.0, 0.0, 0.0

1510943962.37, 4.31104040146, 3.76352310181, 0.0, 0.0, 0.0, 0.0

1510943962.38, 4.31132650375, 3.76357245445, 0.0, 0.0, 0.0, 0.0

1510943962.39, 4.31132650375, 3.76357245445, 0.0, 0.0, 0.0, 0.0

1510943962.4, 4.31121778488, 3.76399207115, 0.0, 0.0, 0.0, 0.0

1510943962.41, 4.31163406372, 3.76363062859, 0.0, 0.0, 0.0, 0.0

1510943962.43, 4.31163406372, 3.76363062859, 0.0, 0.0, 0.0, 0.0

1510943962.44, 4.31143379211, 3.76384234428, 0.0, 0.0, 0.0, 0.0

1510943962.45, 4.31167554855, 3.76374459267, 0.0, 0.0, 0.0, 0.0

1510943962.46, 4.31167554855, 3.76374459267, 0.0, 0.0, 0.0, 0.0

1510943962.47, 4.31165933609, 3.76400923729, 0.0, 0.0, 0.0, 0.0

1510943962.48, 4.31165933609, 3.76400923729, 0.0, 0.0, 0.0, 0.0

1510943962.49, 4.3115978241, 3.76402688026, 0.0, 0.0, 0.0, 0.0

1510943962.5, 4.31187343597, 3.76420474052, 0.0, 0.0, 0.0, 0.0

1510943962.51, 4.31187343597, 3.76420474052, 0.0, 0.0, 0.0, 0.0

1510943962.52, 4.31174707413, 3.76436543465, 0.0, 0.0, 0.0, 0.0

1510943962.53, 4.31174707413, 3.76436543465, 0.0, 0.0, 0.0, 0.0

1510943962.54, 4.31180381775, 3.76452302933, 0.0, 0.0, 0.0, 0.0

1510943962.55, 4.31223869324, 3.7642288208, 0.0, 0.0, 0.0, 0.0

1510943962.56, 4.31223869324, 3.7642288208, 0.0, 0.0, 0.0, 0.0

1510943962.57, 4.31242752075, 3.76444768906, 0.0, 0.0, 0.0, 0.0

1510943962.58, 4.31242752075, 3.76444768906, 0.0, 0.0, 0.0, 0.0

1510943962.59, 4.31235408783, 3.76453542709, 0.0, 0.0, 0.0, 0.0

1510943962.6, 4.31287288666, 3.7646112442, 0.0, 0.0, 0.0, 0.0

1510943962.61, 4.31287288666, 3.7646112442, 0.0, 0.0, 0.0, 0.0

1510943962.62, 4.31307268143, 3.76428174973, 0.0, 0.0, 0.0, 0.0

1510943962.63, 4.31291341782, 3.76433897018, 0.0, 0.0, 0.0, 0.0

1510943962.64, 4.31291341782, 3.76433897018, 0.0, 0.0, 0.0, 0.0

1510943962.65, 4.31305932999, 3.76447439194, 0.0, 0.0, 0.0, 0.0

1510943962.66, 4.31305932999, 3.76447439194, 0.0, 0.0, 0.0, 0.0

1510943962.67, 4.3129940033, 3.7644431591, 0.0, 0.0, 0.0, 0.0

1510943962.68, 4.31319761276, 3.76456928253, 0.0, 0.0, 0.0, 0.0

1510943962.69, 4.31319761276, 3.76456928253, 0.0, 0.0, 0.0, 0.0

1510943962.7, 4.31325674057, 3.76461982727, 0.0, 0.0, 0.0, 0.0

1510943962.71, 4.31325674057, 3.76461982727, 0.0, 0.0, 0.0, 0.0

1510943962.72, 4.31325006485, 3.76476740837, 0.0, 0.0, 0.0, 0.0

1510943962.73, 4.31319236755, 3.76489043236, 0.0, 0.0, 0.0, 0.0

1510943962.74, 4.31319236755, 3.76489043236, 0.0, 0.0, 0.0, 0.0

1510943962.75, 4.31319046021, 3.76494646072, 0.0, 0.0, 0.0, 0.0

1510943962.76, 4.31319046021, 3.76494646072, 0.0, 0.0, 0.0, 0.0

1510943962.77, 4.31326580048, 3.76507639885, 0.0, 0.0, 0.0, 0.0

1510943962.78, 4.31374406815, 3.7651951313, 0.0, 0.0, 0.0, 0.0

1510943962.79, 4.31374406815, 3.7651951313, 0.0, 0.0, 0.0, 0.0

1510943962.8, 4.31384992599, 3.76512765884, 0.0, 0.0, 0.0, 0.0

1510943962.81, 4.31384992599, 3.76512765884, 0.0, 0.0, 0.0, 0.0

1510943962.83, 4.31315135956, 3.76475024223, 0.0, 0.0, 0.0, 0.0

1510943962.84, 4.31336164474, 3.7651219368, 0.0, 0.0, 0.0, 0.0

1510943962.85, 4.31336164474, 3.7651219368, 0.0, 0.0, 0.0, 0.0

1510943962.86, 4.31285238266, 3.76478719711, 0.0, 0.0, 0.0, 0.0

1510943962.87, 4.31293010712, 3.7649743557, 0.0, 0.0, 0.0, 0.0

1510943962.88, 4.31293010712, 3.7649743557, 0.0, 0.0, 0.0, 0.0

1510943962.89, 4.31298398972, 3.76503348351, 0.0, 0.0, 0.0, 0.0

1510943962.9, 4.31298398972, 3.76503348351, 0.0, 0.0, 0.0, 0.0

1510943962.91, 4.31239748001, 3.76467823982, 0.0, 0.0, 0.0, 0.0

1510943962.92, 4.31242990494, 3.76481795311, 0.0, 0.0, 0.0, 0.0

1510943962.93, 4.31242990494, 3.76481795311, 0.0, 0.0, 0.0, 0.0

1510943962.94, 4.31268882751, 3.76457810402, 0.0, 0.0, 0.0, 0.0

1510943962.95, 4.31268882751, 3.76457810402, 0.0, 0.0, 0.0, 0.0

1510943962.96, 4.31274223328, 3.76480960846, 0.0, 0.0, 0.0, 0.0

1510943962.97, 4.31218957901, 3.76454901695, 0.0, 0.0, 0.0, 0.0

1510943962.98, 4.31218957901, 3.76454901695, 0.0, 0.0, 0.0, 0.0

1510943962.99, 4.31235170364, 3.76454234123, 0.0, 0.0, 0.0, 0.0

1510943963.0, 4.31246709824, 3.76452970505, 0.0, 0.0, 0.0, 0.0

1510943963.01, 4.31246709824, 3.76452970505, 0.0, 0.0, 0.0, 0.0

1510943963.02, 4.31270647049, 3.76457691193, 0.0, 0.0, 0.0, 0.0

1510943963.03, 4.31270647049, 3.76457691193, 0.0, 0.0, 0.0, 0.0

1510943963.04, 4.3128080368, 3.76469445229, 0.0, 0.0, 0.0, 0.0

1510943963.05, 4.3128080368, 3.76469445229, 0.0, 0.0, 0.0, 0.0

1510943963.06, 4.3128323555, 3.76484727859, 0.0, 0.0, 0.0, 0.0

1510943963.07, 4.312707901, 3.7648267746, 0.0, 0.0, 0.0, 0.0

1510943963.08, 4.312707901, 3.7648267746, 0.0, 0.0, 0.0, 0.0

1510943963.09, 4.31216239929, 3.76473903656, 0.0, 0.0, 0.0, 0.0

1510943963.1, 4.3124256134, 3.76488161087, 0.0, 0.0, 0.0, 0.0

1510943963.11, 4.3124256134, 3.76488161087, 0.0, 0.0, 0.0, 0.0

1510943963.12, 4.31260824203, 3.76480960846, 0.0, 0.0, 0.0, 0.0

1510943963.13, 4.31260824203, 3.76480960846, 0.0, 0.0, 0.0, 0.0

1510943963.14, 4.3125462532, 3.76473593712, 0.0, 0.0, 0.0, 0.0

1510943963.15, 4.31255722046, 3.76478815079, 0.0, 0.0, 0.0, 0.0

1510943963.16, 4.31255722046, 3.76478815079, 0.0, 0.0, 0.0, 0.0

1510943963.17, 4.31263780594, 3.76484537125, 0.0, 0.0, 0.0, 0.0

1510943963.18, 4.31263780594, 3.76484537125, 0.0, 0.0, 0.0, 0.0

1510943963.19, 4.31284236908, 3.76494789124, 0.0, 0.0, 0.0, 0.0

1510943963.2, 4.31299972534, 3.76518368721, 0.0, 0.0, 0.0, 0.0

1510943963.21, 4.31299972534, 3.76518368721, 0.0, 0.0, 0.0, 0.0

1510943963.22, 4.31230735779, 3.76463365555, 0.0, 0.0, 0.0, 0.0

1510943963.23, 4.31230735779, 3.76463365555, 0.0, 0.0, 0.0, 0.0

1510943963.24, 4.31248903275, 3.7646241188, 0.0, 0.0, 0.0, 0.0

1510943963.25, 4.3124332428, 3.76459884644, 0.0, 0.0, 0.0, 0.0

1510943963.26, 4.3124332428, 3.76459884644, 0.0, 0.0, 0.0, 0.0

1510943963.27, 4.31249713898, 3.76498126984, 0.0, 0.0, 0.0, 0.0

1510943963.28, 4.31250810623, 3.76492404938, 0.0, 0.0, 0.0, 0.0

1510943963.29, 4.31250810623, 3.76492404938, 0.0, 0.0, 0.0, 0.0

1510943963.3, 4.3118519783, 3.7646048069, 0.0, 0.0, 0.0, 0.0

1510943963.31, 4.3118519783, 3.7646048069, 0.0, 0.0, 0.0, 0.0

1510943963.33, 4.31204462051, 3.76452493668, 0.0, 0.0, 0.0, 0.0

1510943963.34, 4.31223106384, 3.76440119743, 0.0, 0.0, 0.0, 0.0

1510943963.35, 4.31223106384, 3.76440119743, 0.0, 0.0, 0.0, 0.0

1510943963.36, 4.31167459488, 3.7639977932, 0.0, 0.0, 0.0, 0.0

1510943963.37, 4.31167459488, 3.7639977932, 0.0, 0.0, 0.0, 0.0

1510943963.38, 4.3122048378, 3.76434731483, 0.0, 0.0, 0.0, 0.0

1510943963.39, 4.3122048378, 3.76434731483, 0.0, 0.0, 0.0, 0.0

1510943963.4, 4.31232643127, 3.76431560516, 0.0, 0.0, 0.0, 0.0

1510943963.41, 4.31213140488, 3.76438522339, 0.0, 0.0, 0.0, 0.0

1510943963.42, 4.31213140488, 3.76438522339, 0.0, 0.0, 0.0, 0.0

1510943963.43, 4.31227731705, 3.76453018188, 0.0, 0.0, 0.0, 0.0

1510943963.44, 4.31218385696, 3.76434540749, 0.0, 0.0, 0.0, 0.0

1510943963.45, 4.31218385696, 3.76434540749, 0.0, 0.0, 0.0, 0.0

1510943963.46, 4.31234645844, 3.76431584358, 0.0, 0.0, 0.0, 0.0

1510943963.47, 4.31234645844, 3.76431584358, 0.0, 0.0, 0.0, 0.0

1510943963.48, 4.31220722198, 3.76379275322, 0.0, 0.0, 0.0, 0.0

1510943963.49, 4.31225776672, 3.76402163506, 0.0, 0.0, 0.0, 0.0

1510943963.5, 4.31225776672, 3.76402163506, 0.0, 0.0, 0.0, 0.0

1510943963.51, 4.31241559982, 3.76420092583, 0.0, 0.0, 0.0, 0.0

1510943963.52, 4.31241559982, 3.76420092583, 0.0, 0.0, 0.0, 0.0

1510943963.53, 4.31293678284, 3.76431417465, 0.0, 0.0, 0.0, 0.0

1510943963.54, 4.31310844421, 3.76423144341, 0.0, 0.0, 0.0, 0.0

1510943963.55, 4.31310844421, 3.76423144341, 0.0, 0.0, 0.0, 0.0

1510943963.56, 4.31274747849, 3.76366066933, 0.0, 0.0, 0.0, 0.0

1510943963.57, 4.31274747849, 3.76366066933, 0.0, 0.0, 0.0, 0.0

1510943963.58, 4.31309747696, 3.76397228241, 0.0, 0.0, 0.0, 0.0

1510943963.59, 4.31281661987, 3.76400089264, 0.0, 0.0, 0.0, 0.0

1510943963.6, 4.31281661987, 3.76400089264, 0.0, 0.0, 0.0, 0.0

1510943963.61, 4.31305456161, 3.76413917542, 0.0, 0.0, 0.0, 0.0

1510943963.62, 4.31320524216, 3.76443576813, 0.0, 0.0, 0.0, 0.0

1510943963.63, 4.31320524216, 3.76443576813, 0.0, 0.0, 0.0, 0.0

1510943963.64, 4.31337976456, 3.76451396942, 0.0, 0.0, 0.0, 0.0

1510943963.65, 4.31337976456, 3.76451396942, 0.0, 0.0, 0.0, 0.0

1510943963.66, 4.31342124939, 3.7644701004, 0.0, 0.0, 0.0, 0.0

1510943963.67, 4.31342220306, 3.76473140717, 0.0, 0.0, 0.0, 0.0

1510943963.68, 4.31342220306, 3.76473140717, 0.0, 0.0, 0.0, 0.0

1510943963.69, 4.31298828125, 3.76431083679, 0.0, 0.0, 0.0, 0.0

1510943963.7, 4.31298828125, 3.76431083679, 0.0, 0.0, 0.0, 0.0

1510943963.71, 4.3128118515, 3.76424741745, 0.0, 0.0, 0.0, 0.0

1510943963.72, 4.31316375732, 3.76446962357, 0.0, 0.0, 0.0, 0.0

1510943963.73, 4.31316375732, 3.76446962357, 0.0, 0.0, 0.0, 0.0

1510943963.74, 4.31364345551, 3.76456618309, 0.0, 0.0, 0.0, 0.0

1510943963.75, 4.31370639801, 3.76462697983, 0.0, 0.0, 0.0, 0.0

1510943963.76, 4.31370639801, 3.76462697983, 0.0, 0.0, 0.0, 0.0

1510943963.77, 4.31411218643, 3.76460528374, 0.0, 0.0, 0.0, 0.0

1510943963.78, 4.31411218643, 3.76460528374, 0.0, 0.0, 0.0, 0.0

1510943963.8, 4.31389856339, 3.76452255249, 0.0, 0.0, 0.0, 0.0

1510943963.81, 4.31389856339, 3.76452255249, 0.0, 0.0, 0.0, 0.0

1510943963.82, 4.31344366074, 3.76430439949, 0.0, 0.0, 0.0, 0.0

1510943963.83, 4.31341981888, 3.76436161995, 0.0, 0.0, 0.0, 0.0

1510943963.84, 4.31341981888, 3.76436161995, 0.0, 0.0, 0.0, 0.0

1510943963.85, 4.31349420547, 3.76452112198, 0.0, 0.0, 0.0, 0.0

1510943963.86, 4.31354665756, 3.76469945908, 0.0, 0.0, 0.0, 0.0

1510943963.87, 4.31354665756, 3.76469945908, 0.0, 0.0, 0.0, 0.0

1510943963.88, 4.31313848495, 3.76428937912, 0.0, 0.0, 0.0, 0.0

1510943963.89, 4.31313848495, 3.76428937912, 0.0, 0.0, 0.0, 0.0

1510943963.9, 4.31327819824, 3.76453995705, 0.0, 0.0, 0.0, 0.0

1510943963.91, 4.3128194809, 3.76381325722, 0.0, 0.0, 0.0, 0.0

1510943963.92, 4.3128194809, 3.76381325722, 0.0, 0.0, 0.0, 0.0

1510943963.93, 4.31300401688, 3.76425862312, 0.0, 0.0, 0.0, 0.0

1510943963.94, 4.31300401688, 3.76425862312, 0.0, 0.0, 0.0, 0.0

1510943963.95, 4.31307077408, 3.76444387436, 0.0, 0.0, 0.0, 0.0

1510943963.96, 4.31316041946, 3.76426100731, 0.0, 0.0, 0.0, 0.0

1510943963.97, 4.31316041946, 3.76426100731, 0.0, 0.0, 0.0, 0.0

1510943963.98, 4.31338739395, 3.76446557045, 0.0, 0.0, 0.0, 0.0

1510943963.99, 4.31338739395, 3.76446557045, 0.0, 0.0, 0.0, 0.0

1510943964.0, 4.31328439713, 3.76454210281, 0.0, 0.0, 0.0, 0.0

1510943964.01, 4.31328201294, 3.76460194588, 0.0, 0.0, 0.0, 0.0

1510943964.02, 4.31328201294, 3.76460194588, 0.0, 0.0, 0.0, 0.0

1510943964.03, 4.31313323975, 3.76470661163, 0.0, 0.0, 0.0, 0.0

1510943964.04, 4.31313323975, 3.76470661163, 0.0, 0.0, 0.0, 0.0

1510943964.05, 4.31309986115, 3.76471662521, 0.0, 0.0, 0.0, 0.0

1510943964.06, 4.31309127808, 3.76492714882, 0.0, 0.0, 0.0, 0.0

1510943964.07, 4.31309127808, 3.76492714882, 0.0, 0.0, 0.0, 0.0

1510943964.08, 4.31343984604, 3.76516056061, 0.0, 0.0, 0.0, 0.0

1510943964.09, 4.31294870377, 3.76460146904, 0.0, 0.0, 0.0, 0.0

1510943964.1, 4.31294870377, 3.76460146904, 0.0, 0.0, 0.0, 0.0

1510943964.11, 4.31319570541, 3.76477980614, 0.0, 0.0, 0.0, 0.0

1510943964.12, 4.31319570541, 3.76477980614, 0.0, 0.0, 0.0, 0.0

1510943964.13, 4.31327772141, 3.76483559608, 0.0, 0.0, 0.0, 0.0

1510943964.14, 4.31347751617, 3.76468539238, 0.0, 0.0, 0.0, 0.0

1510943964.15, 4.31347751617, 3.76468539238, 0.0, 0.0, 0.0, 0.0

1510943964.16, 4.31293582916, 3.76445627213, 0.0, 0.0, 0.0, 0.0

1510943964.17, 4.31293582916, 3.76445627213, 0.0, 0.0, 0.0, 0.0

1510943964.18, 4.31303310394, 3.76438045502, 0.0, 0.0, 0.0, 0.0

1510943964.19, 4.31247663498, 3.76406741142, 0.0, 0.0, 0.0, 0.0

1510943964.2, 4.31247663498, 3.76406741142, 0.0, 0.0, 0.0, 0.0

1510943964.21, 4.31275701523, 3.76416921616, 0.0, 0.0, 0.0, 0.0

1510943964.22, 4.31275701523, 3.76416921616, 0.0, 0.0, 0.0, 0.0

1510943964.23, 4.31209087372, 3.76375484467, 0.0, 0.0, 0.0, 0.0

1510943964.24, 4.3122344017, 3.76390028, 0.0, 0.0, 0.0, 0.0

1510943964.25, 4.3122344017, 3.76390028, 0.0, 0.0, 0.0, 0.0

1510943964.26, 4.31201267242, 3.76357364655, 0.0, 0.0, 0.0, 0.0

1510943964.27, 4.31201267242, 3.76357364655, 0.0, 0.0, 0.0, 0.0

1510943964.28, 4.31194257736, 3.7637732029, 0.0, 0.0, 0.0, 0.0

1510943964.29, 4.31215238571, 3.76382803917, 0.0, 0.0, 0.0, 0.0

1510943964.31, 4.31215238571, 3.76382803917, 0.0, 0.0, 0.0, 0.0

1510943964.32, 4.31219339371, 3.76378798485, 0.0, 0.0, 0.0, 0.0

1510943964.33, 4.31219339371, 3.76378798485, 0.0, 0.0, 0.0, 0.0

1510943964.34, 4.31241941452, 3.76403331757, 0.0, 0.0, 0.0, 0.0

1510943964.35, 4.31240701675, 3.76405477524, 0.0, 0.0, 0.0, 0.0

1510943964.36, 4.31240701675, 3.76405477524, 0.0, 0.0, 0.0, 0.0

1510943964.37, 4.31242179871, 3.76420140266, 0.0, 0.0, 0.0, 0.0

1510943964.38, 4.31243467331, 3.76432991028, 0.0, 0.0, 0.0, 0.0

1510943964.39, 4.31243467331, 3.76432991028, 0.0, 0.0, 0.0, 0.0

1510943964.4, 4.31199645996, 3.7639362812, 0.0, 0.0, 0.0, 0.0

1510943964.41, 4.31199645996, 3.7639362812, 0.0, 0.0, 0.0, 0.0

1510943964.42, 4.31235122681, 3.76391124725, 0.0, 0.0, 0.0, 0.0

1510943964.43, 4.31252336502, 3.76412034035, 0.0, 0.0, 0.0, 0.0

1510943964.44, 4.31252336502, 3.76412034035, 0.0, 0.0, 0.0, 0.0

1510943964.45, 4.31248807907, 3.76418042183, 0.0, 0.0, 0.0, 0.0

1510943964.46, 4.31248807907, 3.76418042183, 0.0, 0.0, 0.0, 0.0

1510943964.47, 4.31288957596, 3.76424002647, 0.0, 0.0, 0.0, 0.0

1510943964.48, 4.31288957596, 3.76424002647, 0.0, 0.0, 0.0, 0.0

1510943964.49, 4.31335353851, 3.76414442062, 0.0, 0.0, 0.0, 0.0

1510943964.5, 4.312479496, 3.76358175278, 0.0, 0.0, 0.0, 0.0

1510943964.51, 4.312479496, 3.76358175278, 0.0, 0.0, 0.0, 0.0

1510943964.52, 4.31265735626, 3.76385354996, 0.0, 0.0, 0.0, 0.0

1510943964.53, 4.31276941299, 3.76387190819, 0.0, 0.0, 0.0, 0.0

1510943964.54, 4.31276941299, 3.76387190819, 0.0, 0.0, 0.0, 0.0

1510943964.55, 4.31276035309, 3.76393771172, 0.0, 0.0, 0.0, 0.0

1510943964.56, 4.31276035309, 3.76393771172, 0.0, 0.0, 0.0, 0.0

1510943964.57, 4.31296157837, 3.76413846016, 0.0, 0.0, 0.0, 0.0

1510943964.58, 4.31274461746, 3.76428484917, 0.0, 0.0, 0.0, 0.0

1510943964.59, 4.31274461746, 3.76428484917, 0.0, 0.0, 0.0, 0.0

1510943964.6, 4.31336021423, 3.76449155807, 0.0, 0.0, 0.0, 0.0

1510943964.61, 4.31336021423, 3.76449155807, 0.0, 0.0, 0.0, 0.0

1510943964.62, 4.3127450943, 3.76403856277, 0.0, 0.0, 0.0, 0.0

1510943964.63, 4.31299734116, 3.76412177086, 0.0, 0.0, 0.0, 0.0

1510943964.64, 4.31299734116, 3.76412177086, 0.0, 0.0, 0.0, 0.0

1510943964.65, 4.31292152405, 3.76430892944, 0.0, 0.0, 0.0, 0.0

1510943964.66, 4.31292152405, 3.76430892944, 0.0, 0.0, 0.0, 0.0

1510943964.67, 4.31295967102, 3.76437067986, 0.0, 0.0, 0.0, 0.0

1510943964.68, 4.31294155121, 3.76430463791, 0.0, 0.0, 0.0, 0.0

1510943964.69, 4.31294155121, 3.76430463791, 0.0, 0.0, 0.0, 0.0

1510943964.7, 4.31319141388, 3.76447892189, 0.0, 0.0, 0.0, 0.0

1510943964.71, 4.31319141388, 3.76447892189, 0.0, 0.0, 0.0, 0.0

1510943964.72, 4.3130698204, 3.76461696625, 0.0, 0.0, 0.0, 0.0

1510943964.73, 4.31300592422, 3.76485586166, 0.0, 0.0, 0.0, 0.0

1510943964.74, 4.31300592422, 3.76485586166, 0.0, 0.0, 0.0, 0.0

1510943964.75, 4.31314516068, 3.76513004303, 0.0, 0.0, 0.0, 0.0

1510943964.76, 4.31314516068, 3.76513004303, 0.0, 0.0, 0.0, 0.0

1510943964.77, 4.31330966949, 3.76507806778, 0.0, 0.0, 0.0, 0.0

1510943964.78, 4.31360673904, 3.76498699188, 0.0, 0.0, 0.0, 0.0

1510943964.79, 4.31360673904, 3.76498699188, 0.0, 0.0, 0.0, 0.0

1510943964.8, 4.31296920776, 3.76460599899, 0.0, 0.0, 0.0, 0.0

1510943964.81, 4.31296920776, 3.76460599899, 0.0, 0.0, 0.0, 0.0

1510943964.82, 4.31335687637, 3.764752388, 0.0, 0.0, 0.0, 0.0

1510943964.83, 4.31323242188, 3.76452636719, 0.0, 0.0, 0.0, 0.0

1510943964.84, 4.31323242188, 3.76452636719, 0.0, 0.0, 0.0, 0.0

1510943964.85, 4.31353187561, 3.76471376419, 0.0, 0.0, 0.0, 0.0

1510943964.86, 4.31353187561, 3.76471376419, 0.0, 0.0, 0.0, 0.0

1510943964.87, 4.31357336044, 3.76479768753, 0.0, 0.0, 0.0, 0.0

1510943964.88, 4.31365156174, 3.76495194435, 0.0, 0.0, 0.0, 0.0

1510943964.9, 4.31365156174, 3.76495194435, 0.0, 0.0, 0.0, 0.0

1510943964.91, 4.31359434128, 3.76504683495, 0.0, 0.0, 0.0, 0.0

1510943964.92, 4.31396150589, 3.76515984535, 0.0, 0.0, 0.0, 0.0

1510943964.93, 4.31396150589, 3.76515984535, 0.0, 0.0, 0.0, 0.0

1510943964.94, 4.31300973892, 3.76449513435, 0.0, 0.0, 0.0, 0.0

1510943964.95, 4.31300973892, 3.76449513435, 0.0, 0.0, 0.0, 0.0

1510943964.96, 4.31313991547, 3.76478075981, 0.0, 0.0, 0.0, 0.0

1510943964.97, 4.31320667267, 3.76479077339, 0.0, 0.0, 0.0, 0.0

1510943964.98, 4.31320667267, 3.76479077339, 0.0, 0.0, 0.0, 0.0

1510943964.99, 4.31334018707, 3.76459121704, 0.0, 0.0, 0.0, 0.0

1510943965.0, 4.31334018707, 3.76459121704, 0.0, 0.0, 0.0, 0.0

1510943965.01, 4.31395959854, 3.76477169991, 0.0, 0.0, 0.0, 0.0

1510943965.02, 4.31371212006, 3.76493167877, 0.0, 0.0, 0.0, 0.0

1510943965.03, 4.31371212006, 3.76493167877, 0.0, 0.0, 0.0, 0.0

1510943965.04, 4.31365585327, 3.76501584053, 0.0, 0.0, 0.0, 0.0

1510943965.05, 4.31375455856, 3.76516652107, 0.0, 0.0, 0.0, 0.0

1510943965.06, 4.31375455856, 3.76516652107, 0.0, 0.0, 0.0, 0.0

1510943965.07, 4.31411027908, 3.76526641846, 0.0, 0.0, 0.0, 0.0

1510943965.08, 4.31411027908, 3.76526641846, 0.0, 0.0, 0.0, 0.0

1510943965.09, 4.31347465515, 3.76466631889, 0.0, 0.0, 0.0, 0.0

1510943965.1, 4.31347465515, 3.76466631889, 0.0, 0.0, 0.0, 0.0

1510943965.11, 4.31348800659, 3.7650718689, 0.0, 0.0, 0.0, 0.0

1510943965.12, 4.3135175705, 3.76505160332, 0.0, 0.0, 0.0, 0.0

1510943965.13, 4.3135175705, 3.76505160332, 0.0, 0.0, 0.0, 0.0

1510943965.14, 4.31306791306, 3.76459717751, 0.0, 0.0, 0.0, 0.0

1510943965.15, 4.31330394745, 3.76506352425, 0.0, 0.0, 0.0, 0.0

1510943965.16, 4.31330394745, 3.76506352425, 0.0, 0.0, 0.0, 0.0

1510943965.17, 4.31345415115, 3.76503396034, 0.0, 0.0, 0.0, 0.0

1510943965.18, 4.31345415115, 3.76503396034, 0.0, 0.0, 0.0, 0.0

1510943965.19, 4.31376314163, 3.76501441002, 0.0, 0.0, 0.0, 0.0

1510943965.2, 4.31434679031, 3.76501560211, 0.0, 0.0, 0.0, 0.0

1510943965.21, 4.31434679031, 3.76501560211, 0.0, 0.0, 0.0, 0.0

1510943965.22, 4.31412124634, 3.76519560814, 0.0, 0.0, 0.0, 0.0

1510943965.23, 4.31412124634, 3.76519560814, 0.0, 0.0, 0.0, 0.0

1510943965.24, 4.31404781342, 3.76514458656, 0.0, 0.0, 0.0, 0.0

1510943965.25, 4.31370019913, 3.76481699944, 0.0, 0.0, 0.0, 0.0

1510943965.26, 4.31370019913, 3.76481699944, 0.0, 0.0, 0.0, 0.0

1510943965.27, 4.31361055374, 3.76502299309, 0.0, 0.0, 0.0, 0.0

1510943965.28, 4.31361055374, 3.76502299309, 0.0, 0.0, 0.0, 0.0

1510943965.29, 4.31369543076, 3.76517868042, 0.0, 0.0, 0.0, 0.0

1510943965.3, 4.31427526474, 3.7651655674, 0.0, 0.0, 0.0, 0.0

1510943965.31, 4.31427526474, 3.7651655674, 0.0, 0.0, 0.0, 0.0

1510943965.32, 4.31397533417, 3.76502895355, 0.0, 0.0, 0.0, 0.0

1510943965.34, 4.31438398361, 3.76527380943, 0.0, 0.0, 0.0, 0.0

1510943965.35, 4.31438398361, 3.76527380943, 0.0, 0.0, 0.0, 0.0

1510943965.36, 4.31438112259, 3.76518535614, 0.0, 0.0, 0.0, 0.0

1510943965.37, 4.31438112259, 3.76518535614, 0.0, 0.0, 0.0, 0.0

1510943965.38, 4.31424331665, 3.76549983025, 0.0, 0.0, 0.0, 0.0

1510943965.39, 4.31437301636, 3.7654941082, 0.0, 0.0, 0.0, 0.0

1510943965.4, 4.31437301636, 3.7654941082, 0.0, 0.0, 0.0, 0.0

1510943965.41, 4.31443309784, 3.76570177078, 0.0, 0.0, 0.0, 0.0

1510943965.42, 4.31443309784, 3.76570177078, 0.0, 0.0, 0.0, 0.0

1510943965.43, 4.31389665604, 3.76542305946, 0.0, 0.0, 0.0, 0.0

1510943965.44, 4.31402683258, 3.76571369171, 0.0, 0.0, 0.0, 0.0

1510943965.45, 4.31402683258, 3.76571369171, 0.0, 0.0, 0.0, 0.0

1510943965.46, 4.3143119812, 3.76573348045, 0.0, 0.0, 0.0, 0.0

1510945061.74, 4.3143119812, 3.76573348045, 0.0, 0.0, 0.0, 0.0

